Type,Level 1
Ocupación,Abogado
Ocupación,Actor
Ocupación,Actuario
Ocupación,Administrador de Empresas
Ocupación,Aduanero
Ocupación,Agente de bolsas
Ocupación,Agente de migración
Ocupación,Agente de seguros
Ocupación,Agente de viajes
Ocupación,Agente inmobiliario
Ocupación,Agricultor
Ocupación,Albañil
Ocupación,Alergista
Ocupación,Alfarero
Ocupación,Ama de Casa
Ocupación,Anatomista
Ocupación,Anestesista
Ocupación,Animador
Ocupación,Antropólogo
Ocupación,Apicultor
Ocupación,Archivero
Ocupación,Armero
Ocupación,Arqueólogo
Ocupación,Arquitecto
Ocupación,Artesano
Ocupación,Asesor
Ocupación,Asistente
Ocupación,Asistente Social
Ocupación,Astrólogo
Ocupación,Astronauta
Ocupación,Astrónomo
Ocupación,Atleta
Ocupación,Autor
Ocupación,Avicultor
Ocupación,Azafata
Ocupación,Bactereólogo
Ocupación,Bailarín
Ocupación,Barbero
Ocupación,Barrendero
Ocupación,Bartender
Ocupación,Bibliotecario
Ocupación,Biólogo
Ocupación,Bioquímico
Ocupación,Bombero
Ocupación,Bordador
Ocupación,Botánico
Ocupación,Cajero
Ocupación,Cambista
Ocupación,Campesino
Ocupación,Cantante
Ocupación,Capataz
Ocupación,Cardiólogo
Ocupación,Carnicero
Ocupación,Carpintero
Ocupación,Cartógrafo
Ocupación,Casero
Ocupación,Catedrático
Ocupación,Ceramista
Ocupación,Cerrajero
Ocupación,Chaman
Ocupación,Chapista
Ocupación,Chef
Ocupación,Chofer
Ocupación,Científico
Ocupación,Cineasta
Ocupación,Citólogo
Ocupación,Climatólogo
Ocupación,Cobrador
Ocupación,Cocinero
Ocupación,Comerciante
Ocupación,Compositor
Ocupación,Comunicador
Ocupación,Consejero
Ocupación,Conserje
Ocupación,Constructor
Ocupación,Contador
Ocupación,Contratista
Ocupación,Coordinador
Ocupación,Cosmógrafo
Ocupación,Cosmólogo
Ocupación,Costurera
Ocupación,Criminólogo
Ocupación,Cronólogo
Ocupación,Cura
Ocupación,Curandero
Ocupación,Decano
Ocupación,Decorador
Ocupación,Delegado
Ocupación,Demógrafo
Ocupación,Deportista
Ocupación,Dermatólogo
Ocupación,Deshollinador
Ocupación,Dibujante
Ocupación,Directivo
Ocupación,Director
Ocupación,Director de Orquesta
Ocupación,Dirigente
Ocupación,Diseñador
Ocupación,Distribuidor
Ocupación,Documentalista
Ocupación,Domador
Ocupación,Ebanista
Ocupación,Ecólogo
Ocupación,Economista
Ocupación,Editor
Ocupación,Electricista
Ocupación,Empresario
Ocupación,Endocrinólogo
Ocupación,Enfermero
Ocupación,Enólogo
Ocupación,Ensamblador
Ocupación,Entrenador
Ocupación,Epidemiólogo
Ocupación,Escribano
Ocupación,Escritor
Ocupación,Escultor
Ocupación,Espeleólogo
Ocupación,Estadista
Ocupación,Estilista
Ocupación,Etimólogo
Ocupación,Etnógrafo
Ocupación,Etnólogo
Ocupación,Evangelizador
Ocupación,Exterminador
Ocupación,Farmacéutico
Ocupación,Farmacólogo
Ocupación,Filólogo
Ocupación,Filósofo
Ocupación,Fiscal
Ocupación,Físico
Ocupación,Fisioterapeuta
Ocupación,Florista
Ocupación,Foniatra
Ocupación,Fonólogo
Ocupación,Fontanero
Ocupación,Fotógrafo
Ocupación,Gasista
Ocupación,Gemólogo
Ocupación,Genetista
Ocupación,Geobotánica
Ocupación,Geodesta
Ocupación,Geofísico
Ocupación,Geógrafo
Ocupación,Geólogo
Ocupación,Geomántico
Ocupación,Geómetra
Ocupación,Geoquímica
Ocupación,Gerente
Ocupación,Geriatría
Ocupación,Gerontólogo
Ocupación,Gestor
Ocupación,Grafólogo
Ocupación,Gramático
Ocupación,Granjero
Ocupación,Guardia de Seguridad
Ocupación,Guía de Turismo
Ocupación,Guionista
Ocupación,Heladero
Ocupación,Hematólogo
Ocupación,Hepatólogo
Ocupación,Herrero
Ocupación,Hidrogeólogo
Ocupación,Hidrógrafo
Ocupación,Hidrólogo
Ocupación,Higienista
Ocupación,Hispanista
Ocupación,Historiador
Ocupación,Homeópata
Ocupación,Humorista
Ocupación,Ilustrador
Ocupación,Impresor
Ocupación,Informático
Ocupación,Ingeniero
Ocupación,Inmunólogo
Ocupación,Inspector
Ocupación,Investigador
Ocupación,Investigador
Ocupación,Jardinero
Ocupación,Jockey
Ocupación,Joyero
Ocupación,Juez
Ocupación,Kinesiólogo
Ocupación,Kiosquero
Ocupación,Lavandero
Ocupación,Leñador
Ocupación,Letrista
Ocupación,Lexicógrafo
Ocupación,Lexicólogo
Ocupación,Licenciado
Ocupación,Lingüista
Ocupación,Locutor
Ocupación,Maestro
Ocupación,Maestro Mayor de Obra
Ocupación,Mago
Ocupación,Maquetador
Ocupación,Maquilladora
Ocupación,Maquinista
Ocupación,Marroquinero
Ocupación,Martillero
Ocupación,Masajista
Ocupación,Matemático
Ocupación,Matrón
Ocupación,Mecánico
Ocupación,Médico
Ocupación,Meteorólogo
Ocupación,Micólogo
Ocupación,Microbiológico
Ocupación,Militar
Ocupación,Minero
Ocupación,Modelo
Ocupación,Modista
Ocupación,Monja
Ocupación,Mozo
Ocupación,Mucama
Ocupación,Músico
Ocupación,Naturópata
Ocupación,Nefrólogo
Ocupación,Neumonólogo
Ocupación,Neuroanatomista
Ocupación,Neurobiólogo
Ocupación,Neurocirujano
Ocupación,Neuroembriólogo
Ocupación,Neurofisiólogo
Ocupación,Neurólogo
Ocupación,Niñera
Ocupación,Nochero
Ocupación,Nutricionista
Ocupación,Nutrólogo
Ocupación,Obrero
Ocupación,Oceanógrafo
Ocupación,Odontólogo
Ocupación,Oftalmólogo
Ocupación,Oncólogo
Ocupación,Orfebre
Ocupación,Ortopedista
Ocupación,Osteópata
Ocupación,Otorrinolaringólogo
Ocupación,Paleobiólogo
Ocupación,Paleobotánico
Ocupación,Paleógrafo
Ocupación,Paleólogo
Ocupación,Paleontólogo
Ocupación,Panadero
Ocupación,Paseador de perros
Ocupación,Patólogo
Ocupación,Payaso
Ocupación,Pedagogo
Ocupación,Pediatra
Ocupación,Pedicuro
Ocupación,Peletero
Ocupación,Peluquero
Ocupación,Periodista
Ocupación,Perito
Ocupación,Pescador
Ocupación,Piloto
Ocupación,Pintor
Ocupación,Piscicultor
Ocupación,Plomero
Ocupación,Podólogo
Ocupación,Policía
Ocupación,Político
Ocupación,Portero
Ocupación,Preceptor
Ocupación,Presidente
Ocupación,Proctólogo
Ocupación,Profesor
Ocupación,Programador
Ocupación,Prostituta
Ocupación,Protésico
Ocupación,Proveedor
Ocupación,Psicoanalista
Ocupación,Psicofísico
Ocupación,Psicólogo
Ocupación,Psicopedagogo
Ocupación,Psicoterapeuta
Ocupación,Psiquiatra
Ocupación,Publicista
Ocupación,Puericultor
Ocupación,Químico
Ocupación,Quiropráctico
Ocupación,Radioastrónomo
Ocupación,Radiofonista
Ocupación,Radiólogo
Ocupación,Radiotécnico
Ocupación,Radiotelefonista
Ocupación,Radiotelegrafista
Ocupación,Radioterapeuta
Ocupación,Recpecionista
Ocupación,Rector
Ocupación,Relacionista Público
Ocupación,Relojero
Ocupación,Remodelador
Ocupación,Repartidor
Ocupación,Repositor
Ocupación,Salvavida
Ocupación,Sastre
Ocupación,Secretaria
Ocupación,Secretario
Ocupación,Sexólogo
Ocupación,Sismólogo
Ocupación,Sociólogo
Ocupación,Socorrista
Ocupación,Soldador
Ocupación,Subdirector
Ocupación,Subsecretario
Ocupación,Tapicero
Ocupación,Tarotista
Ocupación,Tasador
Ocupación,Tatuador
Ocupación,Taxista
Ocupación,Técnico
Ocupación,Telefonista
Ocupación,Teólogo
Ocupación,Terapeuta
Ocupación,Tintorero
Ocupación,Tocoginecólogo
Ocupación,Tocólogo
Ocupación,Topógrafo
Ocupación,Tornero
Ocupación,Toxicólogo
Ocupación,Trabajdor Social
Ocupación,Traductor
Ocupación,Transcriptor
Ocupación,Transportista
Ocupación,Traumatólogo
Ocupación,Tutor
Ocupación,Urólogo
Ocupación,Urólogo
Ocupación,Vendedor
Ocupación,Verdulero
Ocupación,Veterinario
Ocupación,Vicedecano
Ocupación,Vicedirector
Ocupación,Vicegerente
Ocupación,Vicepresidente
Ocupación,Vicerrector
Ocupación,Vicesecretario
Ocupación,Vidriero
Ocupación,Vigilante
Ocupación,Virólogo
Ocupación,Visitador Médico
Ocupación,Viticultor
Ocupación,Vulcanólogo
Ocupación,Xilógrafo
Ocupación,Zapatero
Ocupación,Zoólogo
Ocupación,Zootécnico
